username,password,confirmpassword,firstname,lastname,age,gender,state
username001,hello001,hello001,user,name1,25,male,oregon
username002,hello002,hello002,user,name2,26,male,oregon
username003,hello003,hello003,user,name3,27,male,oregon
username004,hello004,hello004,user,name4,28,male,oregon
username005,hello005,hello005,user,name5,29,male,oregon
username006,hello006,hello006,user,name6,30,male,oregon
username007,hello007,hello007,user,name7,31,male,oregon
username008,hello008,hello008,user,name8,32,male,oregon
username009,hello009,hello009,user,name9,33,male,oregon
username010,hello010,hello010,user,name10,34,male,oregon
username011,hello011,hello011,user,name11,35,male,oregon
username012,hello012,hello012,user,name12,36,male,oregon
username013,hello013,hello013,user,name13,37,male,oregon
username014,hello014,hello014,user,name14,38,male,oregon
username015,hello015,hello015,user,name15,39,male,oregon
username016,hello016,hello016,user,name16,40,male,oregon
username017,hello017,hello017,user,name17,41,male,oregon
username018,hello018,hello018,user,name18,42,male,oregon
username019,hello019,hello019,user,name19,43,male,oregon
